Age,Gender
40,Female
33,Female
42,Male
53,Female
32,Female
32,Male
53,Male
44,Male
29,Male
41,Male
29,Male
29,Male
37,Male
12,Female
14,Male
28,Female
22,Male
38,Female
24,Male
18,Male
52,Female
32,Female
35,Female
17,Male
28,Male
36,Female
21,Female
39,Female
27,Female
31,Male
27,Female
57,Male
34,Male
22,Male
44,Female
20,Male
37,Male
11,Female
19,Male
37,Female
43,Male
37,Female
33,Female
31,Male
17,Male
26,Male
29,Male
47,Female
39,Male
13,Female
38,Male
30,Female
26,Female
42,Female
47,Male
46,Male
24,Male
31,Female
38,Female
46,Female
29,Male
32,Female
21,Female
20,Male
44,Male
51,Female
34,Female
47,Female
39,Male
27,Female
39,Male
53,Male
34,Male
53,Female
3,Female
44,Female
36,Male
31,Female
36,Male
11,Female
32,Male
39,Male
52,Male
28,Male
25,Female
28,Female
45,Male
38,Female
28,Male
41,Female
36,Female
46,Female
26,Male
31,Female
30,Female
17,Male
38,Male
38,Female
35,Female
32,Female
18,Female
29,Female
30,Male
25,Male
33,Male
39,Female
57,Male
37,Female
38,Female
34,Female
11,Male
34,Female
35,Male
64,Female
32,Male
38,Male
34,Female
20,Male
48,Male
44,Female
44,Female
24,Female
51,Female
18,Female
42,Male
61,Male
23,Male
28,Female
36,Female
28,Male
16,Male
35,Female
22,Male
40,Female
23,Female
53,Female
25,Male
31,Female
44,Female
20,Female
37,Female
50,Female
15,Female
37,Male
38,Female
44,Female
20,Male
19,Female
41,Female
38,Female
38,Male
39,Male
26,Female
37,Female
38,Male
26,Female
57,Female
40,Female
20,Female
42,Male
23,Male
44,Male
48,Female
25,Male
46,Male
39,Male
44,Female
57,Female
32,Male
25,Male
24,Female
25,Male
34,Male
39,Male
38,Male
44,Male
35,Female
52,Male
31,Female
67,Male
42,Female
24,Female
22,Male
40,Female
32,Male
43,Female
40,Male
34,Male
24,Male
16,Female
29,Female
45,Female
37,Male
20,Female
37,Male
39,Female
24,Male
36,Male
35,Male
21,Male
39,Female
41,Male
47,Female
47,Male
18,Female
23,Male
41,Male
41,Female
41,Male
81,Male
41,Female
48,Female
46,Male
42,Male
31,Female
44,Male
25,Male
32,Male
29,Female
35,Female
62,Male
12,Male
43,Male
15,Female
29,Male
48,Male
35,Female
22,Male
26,Female
43,Male
26,Male
37,Male
35,Female
27,Female
60,Female
42,Male
10,Female
37,Male
27,Male
45,Female
25,Male
33,Male
41,Male
45,Male
20,Male
30,Female
29,Male
27,Female
56,Female
39,Male
19,Male
46,Male
60,Female
47,Male
16,Female
29,Male
50,Female
26,Male
40,Male
44,Female
23,Female
34,Male
0,Female
22,Female
31,Female
20,Female
54,Male
17,Male
29,Male
36,Female
52,Female
17,Male
48,Male
35,Female
23,Female
40,Female
37,Male
27,Male
35,Male
30,Female
36,Male
42,Female
54,Male
20,Female
60,Female
11,Female
33,Male
42,Male
38,Male
27,Female
32,Female
29,Female
27,Female
45,Female
39,Male
26,Female
45,Male
38,Male
44,Female
42,Male
25,Male
28,Female
43,Male
42,Female
34,Male
36,Male
50,Male
27,Male
41,Female
32,Male
32,Female
48,Male
44,Female
44,Female
50,Female
35,Male
43,Male
31,Male
38,Female
33,Male
36,Female
42,Female
25,Male
60,Female
22,Male
20,Male
48,Female
44,Female
42,Female
42,Male
34,Male
24,Female
35,Female
26,Female
46,Male
33,Female
25,Male
31,Male
39,Female
28,Male
25,Female
37,Male
37,Male
28,Female
29,Female
37,Female
17,Female
18,Female
26,Female
32,Female
38,Male
52,Female
45,Male
33,Female
34,Female
22,Male
34,Female
31,Female
38,Male
25,Female
41,Female
53,Male
33,Female
39,Male
43,Female
30,Female
37,Female
35,Male
36,Female
25,Female
35,Male
40,Female
52,Male
46,Female
60,Male
25,Male
45,Male
37,Female
61,Male
25,Female
24,Male
27,Male
9,Female
28,Female
25,Male
36,Female
39,Female
57,Female
46,Male
28,Male
24,Female
40,Male
19,Female
56,Female
49,Female
29,Female
14,Female
51,Male
33,Female
49,Male
15,Male
27,Female
35,Female
35,Female
29,Female
42,Male
22,Male
33,Female
36,Male
41,Male
43,Male
21,Male
16,Male
50,Male
38,Male
26,Male
53,Female
36,Male
49,Male
35,Female
59,Male
56,Female
32,Female
46,Male
42,Male
51,Female
23,Female
43,Male
47,Female
13,Male
20,Female
10,Male
31,Female
43,Female
53,Female
35,Female
54,Male
18,Male
14,Male
34,Male
39,Female
34,Male
10,Male
33,Female
19,Female
43,Female
39,Female
23,Male
28,Male
22,Female
34,Female
46,Male
23,Female
41,Male
28,Male
25,Female
33,Female
22,Female
28,Male
20,Female
58,Male
35,Male
26,Female
37,Female
33,Female
32,Female
42,Female
44,Female
28,Male
28,Male
31,Male
7,Male
16,Female
51,Female
54,Male
32,Male
41,Female
38,Male
71,Female
48,Female
33,Female
23,Female
15,Female
37,Male
25,Female
17,Female
27,Male
22,Female
55,Female
45,Female
34,Female
52,Female
35,Female
24,Female
53,Female
41,Female
22,Female
32,Female
24,Male
18,Female
